{
	"format_version": "1.8.0",
	"animations": {
		"animation.night_reaper.attack": {
			"animation_length": 0.2917,
			"bones": {
				"RightArm": {
					"rotation": {
						"0.0": {
							"vector": [-49.13035, 6.86379, -26.69458]
						},
						"0.0417": {
							"vector": [-41.98079, -0.72641, -33.21943]
						},
						"0.0833": {
							"vector": [-106.47358, -38.34723, -12.16882]
						},
						"0.125": {
							"vector": [-73.10422, -38.18681, -63.81804]
						},
						"0.1667": {
							"vector": [-66.86026, -14.3809, -71.72833]
						},
						"0.2083": {
							"vector": [-61.77369, 16.34269, -89.79803]
						},
						"0.25": {
							"vector": [-46.77369, 16.34269, -89.79803]
						},
						"0.2917": {
							"vector": [-34.27369, 16.34269, -89.79803]
						}
					},
					"position": {
						"0.0": {
							"vector": [0, 1, 0]
						},
						"0.125": {
							"vector": [0, 0, 0]
						}
					}
				},
				"Scythe": {
					"rotation": {
						"0.0": {
							"vector": [-7.5, 17.5, 0]
						},
						"0.0417": {
							"vector": [-16.68493, -20.28176, 26.68119]
						},
						"0.25": {
							"vector": [23.31507, -20.28176, 26.68119]
						},
						"0.2917": {
							"vector": [96.08443, -13.55369, 2.4596]
						}
					},
					"position": {
						"0.0": {
							"vector": [2, 0, 2]
						},
						"0.0417": {
							"vector": [0, 0, -3]
						}
					}
				},
				"LeftArm": {
					"rotation": {
						"0.0": {
							"vector": [-33.01744, 35.05282, 16.72654]
						},
						"0.0417": {
							"vector": [-35.64985, 38.87628, 24.80831]
						},
						"0.0833": {
							"vector": [-108.14985, 38.87628, 24.80831]
						},
						"0.125": {
							"vector": [-88.14985, 38.87628, 24.80831]
						},
						"0.1667": {
							"vector": [-70.64985, 38.87628, 24.80831]
						},
						"0.2083": {
							"vector": [-58.52006, 24.59145, 19.39663]
						},
						"0.25": {
							"vector": [-60.72922, 13.79438, 12.71331]
						},
						"0.2917": {
							"vector": [-60.24776, -16.89348, -4.32979]
						}
					},
					"position": {
						"0.0": {
							"vector": [0, 0, 0]
						},
						"0.0417": {
							"vector": [-1, 0, -1]
						},
						"0.125": {
							"vector": [1, 0, 0]
						},
						"0.2083": {
							"vector": [1, 0, 1]
						},
						"0.25": {
							"vector": [1, 0, 4]
						}
					}
				}
			}
		},
		"animation.night_reaper.idle": {
			"loop": true,
			"animation_length": 2,
			"bones": {
				"Head": {
					"position": {
						"0.0": {
							"vector": [0, 0, 0]
						},
						"1.0": {
							"vector": [0, 1, 0]
						},
						"2.0": {
							"vector": [0, 0, 0]
						}
					}
				},
				"Body": {
					"position": {
						"0.0": {
							"vector": [0, 0, 0]
						},
						"1.0": {
							"vector": [0, 1, 0]
						},
						"2.0": {
							"vector": [0, 0, 0]
						}
					}
				},
				"RightArm": {
					"rotation": {
						"vector": [-29.80783, -58.30818, 11.72431]
					},
					"position": {
						"0.0": {
							"vector": [0, 0, 0]
						},
						"1.0": {
							"vector": [0, 1, 0]
						},
						"2.0": {
							"vector": [0, 0, 0]
						}
					}
				},
				"LeftArm": {
					"rotation": {
						"vector": [-47.26198, 5.94383, 4.58217]
					},
					"position": {
						"0.0": {
							"vector": [0, 0, 0]
						},
						"1.0": {
							"vector": [0, 1, 0]
						},
						"2.0": {
							"vector": [0, 0, 0]
						}
					}
				},
				"RightLeg": {
					"position": {
						"0.0": {
							"vector": [0, 0, 0]
						},
						"1.0": {
							"vector": [0, 1, 0]
						},
						"2.0": {
							"vector": [0, 0, 0]
						}
					}
				},
				"LeftLeg": {
					"position": {
						"0.0": {
							"vector": [0, 0, 0]
						},
						"1.0": {
							"vector": [0, 1, 0]
						},
						"2.0": {
							"vector": [0, 0, 0]
						}
					}
				}
			}
		},
		"animation.night_reaper.walk": {
			"loop": true,
			"animation_length": 2,
			"bones": {
				"Head": {
					"position": {
						"0.0": {
							"vector": [0, 0, 0]
						},
						"1.0": {
							"vector": [0, 1, 0]
						},
						"2.0": {
							"vector": [0, 0, 0]
						}
					}
				},
				"Body": {
					"position": {
						"0.0": {
							"vector": [0, 0, 0]
						},
						"1.0": {
							"vector": [0, 1, 0]
						},
						"2.0": {
							"vector": [0, 0, 0]
						}
					}
				},
				"RightArm": {
					"rotation": {
						"vector": [-29.80783, -58.30818, 11.72431]
					},
					"position": {
						"0.0": {
							"vector": [0, 0, 0]
						},
						"1.0": {
							"vector": [0, 1, 0]
						},
						"2.0": {
							"vector": [0, 0, 0]
						}
					}
				},
				"LeftArm": {
					"rotation": {
						"vector": [-47.26198, 5.94383, 4.58217]
					},
					"position": {
						"0.0": {
							"vector": [0, 0, 0]
						},
						"1.0": {
							"vector": [0, 1, 0]
						},
						"2.0": {
							"vector": [0, 0, 0]
						}
					}
				},
				"RightLeg": {
					"position": {
						"0.0": {
							"vector": [0, 0, 0]
						},
						"1.0": {
							"vector": [0, 1, 0]
						},
						"2.0": {
							"vector": [0, 0, 0]
						}
					}
				},
				"LeftLeg": {
					"position": {
						"0.0": {
							"vector": [0, 0, 0]
						},
						"1.0": {
							"vector": [0, 1, 0]
						},
						"2.0": {
							"vector": [0, 0, 0]
						}
					}
				}
			}
		},
		"animation.night_reaper.run": {
			"loop": true,
			"animation_length": 2,
			"bones": {
				"Head": {
					"rotation": {
						"vector": [10, 0, 0]
					},
					"position": {
						"0.0": {
							"vector": [0, 0, 0]
						},
						"1.0": {
							"vector": [0, 1, 0]
						},
						"2.0": {
							"vector": [0, 0, 0]
						}
					}
				},
				"Body": {
					"rotation": {
						"vector": [12.5, 0, 0]
					},
					"position": {
						"0.0": {
							"vector": [0, 0, 0]
						},
						"1.0": {
							"vector": [0, 1, 0]
						},
						"2.0": {
							"vector": [0, 0, 0]
						}
					}
				},
				"RightArm": {
					"rotation": {
						"vector": [25, 0, 0]
					},
					"position": {
						"0.0": {
							"vector": [0, 0, 0]
						},
						"1.0": {
							"vector": [0, 1, 0]
						},
						"2.0": {
							"vector": [0, 0, 0]
						}
					}
				},
				"LeftArm": {
					"rotation": {
						"vector": [32.5, 0, 0]
					},
					"position": {
						"0.0": {
							"vector": [0, 0, 0]
						},
						"1.0": {
							"vector": [0, 1, 0]
						},
						"2.0": {
							"vector": [0, 0, 0]
						}
					}
				},
				"RightLeg": {
					"position": {
						"0.0": {
							"vector": [0, 1, 2]
						},
						"1.0": {
							"vector": [0, 2, 2]
						},
						"2.0": {
							"vector": [0, 1, 2]
						}
					}
				},
				"LeftLeg": {
					"position": {
						"0.0": {
							"vector": [0, 1, 2]
						},
						"1.0": {
							"vector": [0, 2, 2]
						},
						"2.0": {
							"vector": [0, 1, 2]
						}
					}
				},
				"Scythe": {
					"rotation": {
						"vector": [-25, 0, 0]
					},
					"position": {
						"vector": [0, -1, 1]
					}
				}
			}
		}
	},
	"geckolib_format_version": 2
}